{"cameraMode":{"drawMode":0,"name":"Shaded","section":"Shading Mode"},"sceneLighting":true,"audioPlay":false,"sceneViewState":{"showFog":true,"showMaterialUpdate":false,"showSkybox":true,"showFlares":true,"showImageEffects":true,"showParticleSystems":true},"in2DMode":false,"pivot":{"x":435.9661865234375,"y":312.4225769042969,"z":-25.817474365234376},"rotation":{"x":0.05427662283182144,"y":0.015286779962480069,"z":-0.000831056444440037,"w":0.9984096884727478},"size":147.02899169921876,"orthographic":false}